Modello,MAE_test,RMSE_test,R2_test
Ridge Regression,276.6419945330639,349.84630273883545,0.5273017094348458
Random Forest,284.51056332828136,357.3309716773934,0.5068593817330507
